case,seq,t_mono_ns,frame_id,q0_rad,q1_rad,q2_rad,dq0_rad_s,dq1_rad_s,dq2_rad_s,sigma0_rad,sigma1_rad,sigma2_rad
home,1,10000000,1,0.000000,0.000000,0.000000,0.000000,0.000000,0.000000,0.010000,0.010000,0.010000
reach_left,2,20000000,1,-0.500000,0.750000,0.250000,-0.100000,0.150000,0.050000,0.015000,0.020000,0.015000
reach_right,3,30000000,1,0.600000,-0.400000,0.900000,0.120000,-0.080000,0.180000,0.020000,0.020000,0.025000
